{"cameraMode":{"drawMode":0,"name":"Shaded","section":"Shading Mode"},"sceneLighting":false,"audioPlay":false,"sceneViewState":{"m_AlwaysRefresh":false,"showFog":true,"showSkybox":false,"showFlares":true,"showImageEffects":true,"showParticleSystems":true,"showVisualEffectGraphs":true,"m_FxEnabled":true},"in2DMode":false,"pivot":{"x":-0.14006978273391725,"y":0.9960814714431763,"z":-8.963249206542969},"rotation":{"x":0.048521146178245547,"y":-0.9313892722129822,"z":0.1350594162940979,"w":0.33471083641052248},"size":0.5038794279098511,"orthographic":false}