{"cameraMode":{"drawMode":0,"name":"Shaded","section":"Shading Mode"},"sceneLighting":true,"audioPlay":false,"sceneViewState":{"m_AlwaysRefresh":false,"showFog":true,"showSkybox":true,"showFlares":true,"showImageEffects":true,"showParticleSystems":true,"showVisualEffectGraphs":true,"m_FxEnabled":true},"in2DMode":false,"pivot":{"x":727.2197265625,"y":781.3567504882813,"z":24.336544036865236},"rotation":{"x":-0.013201412744820118,"y":0.013191021047532559,"z":-0.00019918495672754943,"w":-0.9999678134918213},"size":337.7265319824219,"orthographic":false}